Time Series Search Export,Search term,Search filters,,Last update of Bilateral exchange rates data,Downloaded at,Source,Source URL,Download URL,About Bilateral exchange rates
,,,,2024-07-11,2024-07-13 17:47 CEST,BIS,https:/data.bis.org/topics/XRU/data?filter=FREQ%3DQ%255ECOLLECTION%3DE%255EREF_AREA_TXT%3DEuro%2520area&selected_ts=BIS%2CWS_XRU%2C1.0%255EQ.XM.EUR.E,https:/data.bis.org/topics/XRU/data?filter=FREQ%3DQ%255ECOLLECTION%3DE%255EREF_AREA_TXT%3DEuro%2520area&selected_ts=BIS%2CWS_XRU%2C1.0%255EQ.XM.EUR.E&file_format=csv&format=long&split_frequencies=false&transposed=false&include=code%2Clabel,https://data.bis.org/topics/XRU

DATAFLOW_ID:Dataflow ID,KEY:Timeseries Key,FREQ:Frequency,REF_AREA:Reference area,CURRENCY:Currency,COLLECTION:Collection,Unit,Unit multiplier,TIME_PERIOD:Period,OBS_CONF:Confidentiality,OBS_PRE_BREAK:Pre-break value,OBS_STATUS:Status,OBS_VALUE:Value
"BIS,WS_XRU,1.0",Q.XM.EUR.E,Q:Quarterly,XM:Euro area,EUR:Euro,E:End of period,Euro,Units,1974-06-30,F:Free,,A:Normal value,0.828947
"BIS,WS_XRU,1.0",Q.XM.EUR.E,Q:Quarterly,XM:Euro area,EUR:Euro,E:End of period,Euro,Units,1974-09-30,F:Free,,A:Normal value,0.84563
"BIS,WS_XRU,1.0",Q.XM.EUR.E,Q:Quarterly,XM:Euro area,EUR:Euro,E:End of period,Euro,Units,1974-12-31,F:Free,,A:Normal value,0.795323
"BIS,WS_XRU,1.0",Q.XM.EUR.E,Q:Quarterly,XM:Euro area,EUR:Euro,E:End of period,Euro,Units,1975-03-31,F:Free,,A:Normal value,0.769586
"BIS,WS_XRU,1.0",Q.XM.EUR.E,Q:Quarterly,XM:Euro area,EUR:Euro,E:End of period,Euro,Units,1975-06-30,F:Free,,A:Normal value,0.77861
"BIS,WS_XRU,1.0",Q.XM.EUR.E,Q:Quarterly,XM:Euro area,EUR:Euro,E:End of period,Euro,Units,1975-09-30,F:Free,,A:Normal value,0.866168
"BIS,WS_XRU,1.0",Q.XM.EUR.E,Q:Quarterly,XM:Euro area,EUR:Euro,E:End of period,Euro,Units,1975-12-31,F:Free,,A:Normal value,0.858163
"BIS,WS_XRU,1.0",Q.XM.EUR.E,Q:Quarterly,XM:Euro area,EUR:Euro,E:End of period,Euro,Units,1976-03-31,F:Free,,A:Normal value,0.887918
"BIS,WS_XRU,1.0",Q.XM.EUR.E,Q:Quarterly,XM:Euro area,EUR:Euro,E:End of period,Euro,Units,1976-06-30,F:Free,,A:Normal value,0.908166
"BIS,WS_XRU,1.0",Q.XM.EUR.E,Q:Quarterly,XM:Euro area,EUR:Euro,E:End of period,Euro,Units,1976-09-30,F:Free,,A:Normal value,0.898731
"BIS,WS_XRU,1.0",Q.XM.EUR.E,Q:Quarterly,XM:Euro area,EUR:Euro,E:End of period,Euro,Units,1976-12-31,F:Free,,A:Normal value,0.884964
"BIS,WS_XRU,1.0",Q.XM.EUR.E,Q:Quarterly,XM:Euro area,EUR:Euro,E:End of period,Euro,Units,1977-03-31,F:Free,,A:Normal value,0.891234
"BIS,WS_XRU,1.0",Q.XM.EUR.E,Q:Quarterly,XM:Euro area,EUR:Euro,E:End of period,Euro,Units,1977-06-30,F:Free,,A:Normal value,0.882052
"BIS,WS_XRU,1.0",Q.XM.EUR.E,Q:Quarterly,XM:Euro area,EUR:Euro,E:End of period,Euro,Units,1977-09-30,F:Free,,A:Normal value,0.875021
"BIS,WS_XRU,1.0",Q.XM.EUR.E,Q:Quarterly,XM:Euro area,EUR:Euro,E:End of period,Euro,Units,1977-12-31,F:Free,,A:Normal value,0.816287
"BIS,WS_XRU,1.0",Q.XM.EUR.E,Q:Quarterly,XM:Euro area,EUR:Euro,E:End of period,Euro,Units,1978-03-31,F:Free,,A:Normal value,0.794098
"BIS,WS_XRU,1.0",Q.XM.EUR.E,Q:Quarterly,XM:Euro area,EUR:Euro,E:End of period,Euro,Units,1978-06-30,F:Free,,A:Normal value,0.803781
"BIS,WS_XRU,1.0",Q.XM.EUR.E,Q:Quarterly,XM:Euro area,EUR:Euro,E:End of period,Euro,Units,1978-09-30,F:Free,,A:Normal value,0.759919
"BIS,WS_XRU,1.0",Q.XM.EUR.E,Q:Quarterly,XM:Euro area,EUR:Euro,E:End of period,Euro,Units,1978-12-31,F:Free,,A:Normal value,0.72628
"BIS,WS_XRU,1.0",Q.XM.EUR.E,Q:Quarterly,XM:Euro area,EUR:Euro,E:End of period,Euro,Units,1979-03-31,F:Free,,A:Normal value,0.739798
"BIS,WS_XRU,1.0",Q.XM.EUR.E,Q:Quarterly,XM:Euro area,EUR:Euro,E:End of period,Euro,Units,1979-06-30,F:Free,,A:Normal value,0.732885
"BIS,WS_XRU,1.0",Q.XM.EUR.E,Q:Quarterly,XM:Euro area,EUR:Euro,E:End of period,Euro,Units,1979-09-30,F:Free,,A:Normal value,0.700427
"BIS,WS_XRU,1.0",Q.XM.EUR.E,Q:Quarterly,XM:Euro area,EUR:Euro,E:End of period,Euro,Units,1979-12-31,F:Free,,A:Normal value,0.695222
"BIS,WS_XRU,1.0",Q.XM.EUR.E,Q:Quarterly,XM:Euro area,EUR:Euro,E:End of period,Euro,Units,1980-03-31,F:Free,,A:Normal value,0.767519
"BIS,WS_XRU,1.0",Q.XM.EUR.E,Q:Quarterly,XM:Euro area,EUR:Euro,E:End of period,Euro,Units,1980-06-30,F:Free,,A:Normal value,0.699252
"BIS,WS_XRU,1.0",Q.XM.EUR.E,Q:Quarterly,XM:Euro area,EUR:Euro,E:End of period,Euro,Units,1980-09-30,F:Free,,A:Normal value,0.714316
"BIS,WS_XRU,1.0",Q.XM.EUR.E,Q:Quarterly,XM:Euro area,EUR:Euro,E:End of period,Euro,Units,1980-12-31,F:Free,,A:Normal value,0.763574
"BIS,WS_XRU,1.0",Q.XM.EUR.E,Q:Quarterly,XM:Euro area,EUR:Euro,E:End of period,Euro,Units,1981-03-31,F:Free,,A:Normal value,0.826679
"BIS,WS_XRU,1.0",Q.XM.EUR.E,Q:Quarterly,XM:Euro area,EUR:Euro,E:End of period,Euro,Units,1981-06-30,F:Free,,A:Normal value,0.948317
"BIS,WS_XRU,1.0",Q.XM.EUR.E,Q:Quarterly,XM:Euro area,EUR:Euro,E:End of period,Euro,Units,1981-09-30,F:Free,,A:Normal value,0.937383
"BIS,WS_XRU,1.0",Q.XM.EUR.E,Q:Quarterly,XM:Euro area,EUR:Euro,E:End of period,Euro,Units,1981-12-31,F:Free,,A:Normal value,0.921515
"BIS,WS_XRU,1.0",Q.XM.EUR.E,Q:Quarterly,XM:Euro area,EUR:Euro,E:End of period,Euro,Units,1982-03-31,F:Free,,A:Normal value,1.004838
"BIS,WS_XRU,1.0",Q.XM.EUR.E,Q:Quarterly,XM:Euro area,EUR:Euro,E:End of period,Euro,Units,1982-06-30,F:Free,,A:Normal value,1.041859
"BIS,WS_XRU,1.0",Q.XM.EUR.E,Q:Quarterly,XM:Euro area,EUR:Euro,E:End of period,Euro,Units,1982-09-30,F:Free,,A:Normal value,1.074585
"BIS,WS_XRU,1.0",Q.XM.EUR.E,Q:Quarterly,XM:Euro area,EUR:Euro,E:End of period,Euro,Units,1982-12-31,F:Free,,A:Normal value,1.033413
"BIS,WS_XRU,1.0",Q.XM.EUR.E,Q:Quarterly,XM:Euro area,EUR:Euro,E:End of period,Euro,Units,1983-03-31,F:Free,,A:Normal value,1.082495
"BIS,WS_XRU,1.0",Q.XM.EUR.E,Q:Quarterly,XM:Euro area,EUR:Euro,E:End of period,Euro,Units,1983-06-30,F:Free,,A:Normal value,1.121367
"BIS,WS_XRU,1.0",Q.XM.EUR.E,Q:Quarterly,XM:Euro area,EUR:Euro,E:End of period,Euro,Units,1983-09-30,F:Free,,A:Normal value,1.163636
"BIS,WS_XRU,1.0",Q.XM.EUR.E,Q:Quarterly,XM:Euro area,EUR:Euro,E:End of period,Euro,Units,1983-12-31,F:Free,,A:Normal value,1.208649
"BIS,WS_XRU,1.0",Q.XM.EUR.E,Q:Quarterly,XM:Euro area,EUR:Euro,E:End of period,Euro,Units,1984-03-31,F:Free,,A:Normal value,1.163018
"BIS,WS_XRU,1.0",Q.XM.EUR.E,Q:Quarterly,XM:Euro area,EUR:Euro,E:End of period,Euro,Units,1984-06-30,F:Free,,A:Normal value,1.243954
"BIS,WS_XRU,1.0",Q.XM.EUR.E,Q:Quarterly,XM:Euro area,EUR:Euro,E:End of period,Euro,Units,1984-09-30,F:Free,,A:Normal value,1.353303
"BIS,WS_XRU,1.0",Q.XM.EUR.E,Q:Quarterly,XM:Euro area,EUR:Euro,E:End of period,Euro,Units,1984-12-31,F:Free,,A:Normal value,1.410545
"BIS,WS_XRU,1.0",Q.XM.EUR.E,Q:Quarterly,XM:Euro area,EUR:Euro,E:End of period,Euro,Units,1985-03-31,F:Free,,A:Normal value,1.375313
"BIS,WS_XRU,1.0",Q.XM.EUR.E,Q:Quarterly,XM:Euro area,EUR:Euro,E:End of period,Euro,Units,1985-06-30,F:Free,,A:Normal value,1.360639
"BIS,WS_XRU,1.0",Q.XM.EUR.E,Q:Quarterly,XM:Euro area,EUR:Euro,E:End of period,Euro,Units,1985-09-30,F:Free,,A:Normal value,1.21033
"BIS,WS_XRU,1.0",Q.XM.EUR.E,Q:Quarterly,XM:Euro area,EUR:Euro,E:End of period,Euro,Units,1985-12-31,F:Free,,A:Normal value,1.126219
"BIS,WS_XRU,1.0",Q.XM.EUR.E,Q:Quarterly,XM:Euro area,EUR:Euro,E:End of period,Euro,Units,1986-03-31,F:Free,,A:Normal value,1.067535
"BIS,WS_XRU,1.0",Q.XM.EUR.E,Q:Quarterly,XM:Euro area,EUR:Euro,E:End of period,Euro,Units,1986-06-30,F:Free,,A:Normal value,1.022262
"BIS,WS_XRU,1.0",Q.XM.EUR.E,Q:Quarterly,XM:Euro area,EUR:Euro,E:End of period,Euro,Units,1986-09-30,F:Free,,A:Normal value,0.97126
"BIS,WS_XRU,1.0",Q.XM.EUR.E,Q:Quarterly,XM:Euro area,EUR:Euro,E:End of period,Euro,Units,1986-12-31,F:Free,,A:Normal value,0.934248
"BIS,WS_XRU,1.0",Q.XM.EUR.E,Q:Quarterly,XM:Euro area,EUR:Euro,E:End of period,Euro,Units,1987-03-31,F:Free,,A:Normal value,0.87105
"BIS,WS_XRU,1.0",Q.XM.EUR.E,Q:Quarterly,XM:Euro area,EUR:Euro,E:End of period,Euro,Units,1987-06-30,F:Free,,A:Normal value,0.882784
"BIS,WS_XRU,1.0",Q.XM.EUR.E,Q:Quarterly,XM:Euro area,EUR:Euro,E:End of period,Euro,Units,1987-09-30,F:Free,,A:Normal value,0.88523
"BIS,WS_XRU,1.0",Q.XM.EUR.E,Q:Quarterly,XM:Euro area,EUR:Euro,E:End of period,Euro,Units,1987-12-31,F:Free,,A:Normal value,0.767254
"BIS,WS_XRU,1.0",Q.XM.EUR.E,Q:Quarterly,XM:Euro area,EUR:Euro,E:End of period,Euro,Units,1988-03-31,F:Free,,A:Normal value,0.798894
"BIS,WS_XRU,1.0",Q.XM.EUR.E,Q:Quarterly,XM:Euro area,EUR:Euro,E:End of period,Euro,Units,1988-06-30,F:Free,,A:Normal value,0.87644
"BIS,WS_XRU,1.0",Q.XM.EUR.E,Q:Quarterly,XM:Euro area,EUR:Euro,E:End of period,Euro,Units,1988-09-30,F:Free,,A:Normal value,0.905617
"BIS,WS_XRU,1.0",Q.XM.EUR.E,Q:Quarterly,XM:Euro area,EUR:Euro,E:End of period,Euro,Units,1988-12-31,F:Free,,A:Normal value,0.85282
"BIS,WS_XRU,1.0",Q.XM.EUR.E,Q:Quarterly,XM:Euro area,EUR:Euro,E:End of period,Euro,Units,1989-03-31,F:Free,,A:Normal value,0.908818
"BIS,WS_XRU,1.0",Q.XM.EUR.E,Q:Quarterly,XM:Euro area,EUR:Euro,E:End of period,Euro,Units,1989-06-30,F:Free,,A:Normal value,0.944287
"BIS,WS_XRU,1.0",Q.XM.EUR.E,Q:Quarterly,XM:Euro area,EUR:Euro,E:End of period,Euro,Units,1989-09-30,F:Free,,A:Normal value,0.904797
"BIS,WS_XRU,1.0",Q.XM.EUR.E,Q:Quarterly,XM:Euro area,EUR:Euro,E:End of period,Euro,Units,1989-12-31,F:Free,,A:Normal value,0.835429
"BIS,WS_XRU,1.0",Q.XM.EUR.E,Q:Quarterly,XM:Euro area,EUR:Euro,E:End of period,Euro,Units,1990-03-31,F:Free,,A:Normal value,0.82859
"BIS,WS_XRU,1.0",Q.XM.EUR.E,Q:Quarterly,XM:Euro area,EUR:Euro,E:End of period,Euro,Units,1990-06-30,F:Free,,A:Normal value,0.809848
"BIS,WS_XRU,1.0",Q.XM.EUR.E,Q:Quarterly,XM:Euro area,EUR:Euro,E:End of period,Euro,Units,1990-09-30,F:Free,,A:Normal value,0.760196
"BIS,WS_XRU,1.0",Q.XM.EUR.E,Q:Quarterly,XM:Euro area,EUR:Euro,E:End of period,Euro,Units,1990-12-31,F:Free,,A:Normal value,0.733514
"BIS,WS_XRU,1.0",Q.XM.EUR.E,Q:Quarterly,XM:Euro area,EUR:Euro,E:End of period,Euro,Units,1991-03-31,F:Free,,A:Normal value,0.833208
"BIS,WS_XRU,1.0",Q.XM.EUR.E,Q:Quarterly,XM:Euro area,EUR:Euro,E:End of period,Euro,Units,1991-06-30,F:Free,,A:Normal value,0.882099
"BIS,WS_XRU,1.0",Q.XM.EUR.E,Q:Quarterly,XM:Euro area,EUR:Euro,E:End of period,Euro,Units,1991-09-30,F:Free,,A:Normal value,0.811985
"BIS,WS_XRU,1.0",Q.XM.EUR.E,Q:Quarterly,XM:Euro area,EUR:Euro,E:End of period,Euro,Units,1991-12-31,F:Free,,A:Normal value,0.745751
"BIS,WS_XRU,1.0",Q.XM.EUR.E,Q:Quarterly,XM:Euro area,EUR:Euro,E:End of period,Euro,Units,1992-03-31,F:Free,,A:Normal value,0.803994
"BIS,WS_XRU,1.0",Q.XM.EUR.E,Q:Quarterly,XM:Euro area,EUR:Euro,E:End of period,Euro,Units,1992-06-30,F:Free,,A:Normal value,0.745001
"BIS,WS_XRU,1.0",Q.XM.EUR.E,Q:Quarterly,XM:Euro area,EUR:Euro,E:End of period,Euro,Units,1992-09-30,F:Free,,A:Normal value,0.715308
"BIS,WS_XRU,1.0",Q.XM.EUR.E,Q:Quarterly,XM:Euro area,EUR:Euro,E:End of period,Euro,Units,1992-12-31,F:Free,,A:Normal value,0.825832
"BIS,WS_XRU,1.0",Q.XM.EUR.E,Q:Quarterly,XM:Euro area,EUR:Euro,E:End of period,Euro,Units,1993-03-31,F:Free,,A:Normal value,0.832466
"BIS,WS_XRU,1.0",Q.XM.EUR.E,Q:Quarterly,XM:Euro area,EUR:Euro,E:End of period,Euro,Units,1993-06-30,F:Free,,A:Normal value,0.861289
"BIS,WS_XRU,1.0",Q.XM.EUR.E,Q:Quarterly,XM:Euro area,EUR:Euro,E:End of period,Euro,Units,1993-09-30,F:Free,,A:Normal value,0.850311
"BIS,WS_XRU,1.0",Q.XM.EUR.E,Q:Quarterly,XM:Euro area,EUR:Euro,E:End of period,Euro,Units,1993-12-31,F:Free,,A:Normal value,0.896322
"BIS,WS_XRU,1.0",Q.XM.EUR.E,Q:Quarterly,XM:Euro area,EUR:Euro,E:End of period,Euro,Units,1994-03-31,F:Free,,A:Normal value,0.866071
"BIS,WS_XRU,1.0",Q.XM.EUR.E,Q:Quarterly,XM:Euro area,EUR:Euro,E:End of period,Euro,Units,1994-06-30,F:Free,,A:Normal value,0.830461
"BIS,WS_XRU,1.0",Q.XM.EUR.E,Q:Quarterly,XM:Euro area,EUR:Euro,E:End of period,Euro,Units,1994-09-30,F:Free,,A:Normal value,0.805802
"BIS,WS_XRU,1.0",Q.XM.EUR.E,Q:Quarterly,XM:Euro area,EUR:Euro,E:End of period,Euro,Units,1994-12-31,F:Free,,A:Normal value,0.812982
"BIS,WS_XRU,1.0",Q.XM.EUR.E,Q:Quarterly,XM:Euro area,EUR:Euro,E:End of period,Euro,Units,1995-03-31,F:Free,,A:Normal value,0.746597
"BIS,WS_XRU,1.0",Q.XM.EUR.E,Q:Quarterly,XM:Euro area,EUR:Euro,E:End of period,Euro,Units,1995-06-30,F:Free,,A:Normal value,0.744624
"BIS,WS_XRU,1.0",Q.XM.EUR.E,Q:Quarterly,XM:Euro area,EUR:Euro,E:End of period,Euro,Units,1995-09-30,F:Free,,A:Normal value,0.758455
"BIS,WS_XRU,1.0",Q.XM.EUR.E,Q:Quarterly,XM:Euro area,EUR:Euro,E:End of period,Euro,Units,1995-12-31,F:Free,,A:Normal value,0.760896
"BIS,WS_XRU,1.0",Q.XM.EUR.E,Q:Quarterly,XM:Euro area,EUR:Euro,E:End of period,Euro,Units,1996-03-31,F:Free,,A:Normal value,0.77912
"BIS,WS_XRU,1.0",Q.XM.EUR.E,Q:Quarterly,XM:Euro area,EUR:Euro,E:End of period,Euro,Units,1996-06-30,F:Free,,A:Normal value,0.795425
"BIS,WS_XRU,1.0",Q.XM.EUR.E,Q:Quarterly,XM:Euro area,EUR:Euro,E:End of period,Euro,Units,1996-09-30,F:Free,,A:Normal value,0.796242
"BIS,WS_XRU,1.0",Q.XM.EUR.E,Q:Quarterly,XM:Euro area,EUR:Euro,E:End of period,Euro,Units,1996-12-31,F:Free,,A:Normal value,0.798091
"BIS,WS_XRU,1.0",Q.XM.EUR.E,Q:Quarterly,XM:Euro area,EUR:Euro,E:End of period,Euro,Units,1997-03-31,F:Free,,A:Normal value,0.860785
"BIS,WS_XRU,1.0",Q.XM.EUR.E,Q:Quarterly,XM:Euro area,EUR:Euro,E:End of period,Euro,Units,1997-06-30,F:Free,,A:Normal value,0.88494
"BIS,WS_XRU,1.0",Q.XM.EUR.E,Q:Quarterly,XM:Euro area,EUR:Euro,E:End of period,Euro,Units,1997-09-30,F:Free,,A:Normal value,0.898473
"BIS,WS_XRU,1.0",Q.XM.EUR.E,Q:Quarterly,XM:Euro area,EUR:Euro,E:End of period,Euro,Units,1997-12-31,F:Free,,A:Normal value,0.905625
"BIS,WS_XRU,1.0",Q.XM.EUR.E,Q:Quarterly,XM:Euro area,EUR:Euro,E:End of period,Euro,Units,1998-03-31,F:Free,,A:Normal value,0.929213
"BIS,WS_XRU,1.0",Q.XM.EUR.E,Q:Quarterly,XM:Euro area,EUR:Euro,E:End of period,Euro,Units,1998-06-30,F:Free,,A:Normal value,0.912492
"BIS,WS_XRU,1.0",Q.XM.EUR.E,Q:Quarterly,XM:Euro area,EUR:Euro,E:End of period,Euro,Units,1998-09-30,F:Free,,A:Normal value,0.853541
"BIS,WS_XRU,1.0",Q.XM.EUR.E,Q:Quarterly,XM:Euro area,EUR:Euro,E:End of period,Euro,Units,1998-12-31,F:Free,,A:Normal value,0.857082
"BIS,WS_XRU,1.0",Q.XM.EUR.E,Q:Quarterly,XM:Euro area,EUR:Euro,E:End of period,Euro,Units,1999-03-31,F:Free,,A:Normal value,0.930925
"BIS,WS_XRU,1.0",Q.XM.EUR.E,Q:Quarterly,XM:Euro area,EUR:Euro,E:End of period,Euro,Units,1999-06-30,F:Free,,A:Normal value,0.968242
"BIS,WS_XRU,1.0",Q.XM.EUR.E,Q:Quarterly,XM:Euro area,EUR:Euro,E:End of period,Euro,Units,1999-09-30,F:Free,,A:Normal value,0.937647
"BIS,WS_XRU,1.0",Q.XM.EUR.E,Q:Quarterly,XM:Euro area,EUR:Euro,E:End of period,Euro,Units,1999-12-31,F:Free,,A:Normal value,0.995421
"BIS,WS_XRU,1.0",Q.XM.EUR.E,Q:Quarterly,XM:Euro area,EUR:Euro,E:End of period,Euro,Units,2000-03-31,F:Free,,A:Normal value,1.046792
"BIS,WS_XRU,1.0",Q.XM.EUR.E,Q:Quarterly,XM:Euro area,EUR:Euro,E:End of period,Euro,Units,2000-06-30,F:Free,,A:Normal value,1.046463
"BIS,WS_XRU,1.0",Q.XM.EUR.E,Q:Quarterly,XM:Euro area,EUR:Euro,E:End of period,Euro,Units,2000-09-30,F:Free,,A:Normal value,1.140901
"BIS,WS_XRU,1.0",Q.XM.EUR.E,Q:Quarterly,XM:Euro area,EUR:Euro,E:End of period,Euro,Units,2000-12-31,F:Free,,A:Normal value,1.074691
"BIS,WS_XRU,1.0",Q.XM.EUR.E,Q:Quarterly,XM:Euro area,EUR:Euro,E:End of period,Euro,Units,2001-03-31,F:Free,,A:Normal value,1.132246
"BIS,WS_XRU,1.0",Q.XM.EUR.E,Q:Quarterly,XM:Euro area,EUR:Euro,E:End of period,Euro,Units,2001-06-30,F:Free,,A:Normal value,1.179245
"BIS,WS_XRU,1.0",Q.XM.EUR.E,Q:Quarterly,XM:Euro area,EUR:Euro,E:End of period,Euro,Units,2001-09-30,F:Free,,A:Normal value,1.09517
"BIS,WS_XRU,1.0",Q.XM.EUR.E,Q:Quarterly,XM:Euro area,EUR:Euro,E:End of period,Euro,Units,2001-12-31,F:Free,,A:Normal value,1.134687
"BIS,WS_XRU,1.0",Q.XM.EUR.E,Q:Quarterly,XM:Euro area,EUR:Euro,E:End of period,Euro,Units,2002-03-31,F:Free,,A:Normal value,1.146263
"BIS,WS_XRU,1.0",Q.XM.EUR.E,Q:Quarterly,XM:Euro area,EUR:Euro,E:End of period,Euro,Units,2002-06-30,F:Free,,A:Normal value,1.002506
"BIS,WS_XRU,1.0",Q.XM.EUR.E,Q:Quarterly,XM:Euro area,EUR:Euro,E:End of period,Euro,Units,2002-09-30,F:Free,,A:Normal value,1.014199
"BIS,WS_XRU,1.0",Q.XM.EUR.E,Q:Quarterly,XM:Euro area,EUR:Euro,E:End of period,Euro,Units,2002-12-31,F:Free,,A:Normal value,0.953562
"BIS,WS_XRU,1.0",Q.XM.EUR.E,Q:Quarterly,XM:Euro area,EUR:Euro,E:End of period,Euro,Units,2003-03-31,F:Free,,A:Normal value,0.917852
"BIS,WS_XRU,1.0",Q.XM.EUR.E,Q:Quarterly,XM:Euro area,EUR:Euro,E:End of period,Euro,Units,2003-06-30,F:Free,,A:Normal value,0.87512
"BIS,WS_XRU,1.0",Q.XM.EUR.E,Q:Quarterly,XM:Euro area,EUR:Euro,E:End of period,Euro,Units,2003-09-30,F:Free,,A:Normal value,0.858222
"BIS,WS_XRU,1.0",Q.XM.EUR.E,Q:Quarterly,XM:Euro area,EUR:Euro,E:End of period,Euro,Units,2003-12-31,F:Free,,A:Normal value,0.791766
"BIS,WS_XRU,1.0",Q.XM.EUR.E,Q:Quarterly,XM:Euro area,EUR:Euro,E:End of period,Euro,Units,2004-03-31,F:Free,,A:Normal value,0.818063
"BIS,WS_XRU,1.0",Q.XM.EUR.E,Q:Quarterly,XM:Euro area,EUR:Euro,E:End of period,Euro,Units,2004-06-30,F:Free,,A:Normal value,0.822707
"BIS,WS_XRU,1.0",Q.XM.EUR.E,Q:Quarterly,XM:Euro area,EUR:Euro,E:End of period,Euro,Units,2004-09-30,F:Free,,A:Normal value,0.805867
"BIS,WS_XRU,1.0",Q.XM.EUR.E,Q:Quarterly,XM:Euro area,EUR:Euro,E:End of period,Euro,Units,2004-12-31,F:Free,,A:Normal value,0.73416
"BIS,WS_XRU,1.0",Q.XM.EUR.E,Q:Quarterly,XM:Euro area,EUR:Euro,E:End of period,Euro,Units,2005-03-31,F:Free,,A:Normal value,0.771367
"BIS,WS_XRU,1.0",Q.XM.EUR.E,Q:Quarterly,XM:Euro area,EUR:Euro,E:End of period,Euro,Units,2005-06-30,F:Free,,A:Normal value,0.826993
"BIS,WS_XRU,1.0",Q.XM.EUR.E,Q:Quarterly,XM:Euro area,EUR:Euro,E:End of period,Euro,Units,2005-09-30,F:Free,,A:Normal value,0.830427
"BIS,WS_XRU,1.0",Q.XM.EUR.E,Q:Quarterly,XM:Euro area,EUR:Euro,E:End of period,Euro,Units,2005-12-31,F:Free,,A:Normal value,0.847673
"BIS,WS_XRU,1.0",Q.XM.EUR.E,Q:Quarterly,XM:Euro area,EUR:Euro,E:End of period,Euro,Units,2006-03-31,F:Free,,A:Normal value,0.826173
"BIS,WS_XRU,1.0",Q.XM.EUR.E,Q:Quarterly,XM:Euro area,EUR:Euro,E:End of period,Euro,Units,2006-06-30,F:Free,,A:Normal value,0.786596
"BIS,WS_XRU,1.0",Q.XM.EUR.E,Q:Quarterly,XM:Euro area,EUR:Euro,E:End of period,Euro,Units,2006-09-30,F:Free,,A:Normal value,0.789889
"BIS,WS_XRU,1.0",Q.XM.EUR.E,Q:Quarterly,XM:Euro area,EUR:Euro,E:End of period,Euro,Units,2006-12-31,F:Free,,A:Normal value,0.759301
"BIS,WS_XRU,1.0",Q.XM.EUR.E,Q:Quarterly,XM:Euro area,EUR:Euro,E:End of period,Euro,Units,2007-03-31,F:Free,,A:Normal value,0.750863
"BIS,WS_XRU,1.0",Q.XM.EUR.E,Q:Quarterly,XM:Euro area,EUR:Euro,E:End of period,Euro,Units,2007-06-30,F:Free,,A:Normal value,0.740466
"BIS,WS_XRU,1.0",Q.XM.EUR.E,Q:Quarterly,XM:Euro area,EUR:Euro,E:End of period,Euro,Units,2007-09-30,F:Free,,A:Normal value,0.705268
"BIS,WS_XRU,1.0",Q.XM.EUR.E,Q:Quarterly,XM:Euro area,EUR:Euro,E:End of period,Euro,Units,2007-12-31,F:Free,,A:Normal value,0.679302
"BIS,WS_XRU,1.0",Q.XM.EUR.E,Q:Quarterly,XM:Euro area,EUR:Euro,E:End of period,Euro,Units,2008-03-31,F:Free,,A:Normal value,0.632431
"BIS,WS_XRU,1.0",Q.XM.EUR.E,Q:Quarterly,XM:Euro area,EUR:Euro,E:End of period,Euro,Units,2008-06-30,F:Free,,A:Normal value,0.634357
"BIS,WS_XRU,1.0",Q.XM.EUR.E,Q:Quarterly,XM:Euro area,EUR:Euro,E:End of period,Euro,Units,2008-09-30,F:Free,,A:Normal value,0.699154
"BIS,WS_XRU,1.0",Q.XM.EUR.E,Q:Quarterly,XM:Euro area,EUR:Euro,E:End of period,Euro,Units,2008-12-31,F:Free,,A:Normal value,0.718546
"BIS,WS_XRU,1.0",Q.XM.EUR.E,Q:Quarterly,XM:Euro area,EUR:Euro,E:End of period,Euro,Units,2009-03-31,F:Free,,A:Normal value,0.751428
"BIS,WS_XRU,1.0",Q.XM.EUR.E,Q:Quarterly,XM:Euro area,EUR:Euro,E:End of period,Euro,Units,2009-06-30,F:Free,,A:Normal value,0.707514
"BIS,WS_XRU,1.0",Q.XM.EUR.E,Q:Quarterly,XM:Euro area,EUR:Euro,E:End of period,Euro,Units,2009-09-30,F:Free,,A:Normal value,0.68292
"BIS,WS_XRU,1.0",Q.XM.EUR.E,Q:Quarterly,XM:Euro area,EUR:Euro,E:End of period,Euro,Units,2009-12-31,F:Free,,A:Normal value,0.694155
"BIS,WS_XRU,1.0",Q.XM.EUR.E,Q:Quarterly,XM:Euro area,EUR:Euro,E:End of period,Euro,Units,2010-03-31,F:Free,,A:Normal value,0.741895
"BIS,WS_XRU,1.0",Q.XM.EUR.E,Q:Quarterly,XM:Euro area,EUR:Euro,E:End of period,Euro,Units,2010-06-30,F:Free,,A:Normal value,0.81493
"BIS,WS_XRU,1.0",Q.XM.EUR.E,Q:Quarterly,XM:Euro area,EUR:Euro,E:End of period,Euro,Units,2010-09-30,F:Free,,A:Normal value,0.732708
"BIS,WS_XRU,1.0",Q.XM.EUR.E,Q:Quarterly,XM:Euro area,EUR:Euro,E:End of period,Euro,Units,2010-12-31,F:Free,,A:Normal value,0.748391
"BIS,WS_XRU,1.0",Q.XM.EUR.E,Q:Quarterly,XM:Euro area,EUR:Euro,E:End of period,Euro,Units,2011-03-31,F:Free,,A:Normal value,0.703878
"BIS,WS_XRU,1.0",Q.XM.EUR.E,Q:Quarterly,XM:Euro area,EUR:Euro,E:End of period,Euro,Units,2011-06-30,F:Free,,A:Normal value,0.691898
"BIS,WS_XRU,1.0",Q.XM.EUR.E,Q:Quarterly,XM:Euro area,EUR:Euro,E:End of period,Euro,Units,2011-09-30,F:Free,,A:Normal value,0.740576
"BIS,WS_XRU,1.0",Q.XM.EUR.E,Q:Quarterly,XM:Euro area,EUR:Euro,E:End of period,Euro,Units,2011-12-31,F:Free,,A:Normal value,0.772857
"BIS,WS_XRU,1.0",Q.XM.EUR.E,Q:Quarterly,XM:Euro area,EUR:Euro,E:End of period,Euro,Units,2012-03-31,F:Free,,A:Normal value,0.748727
"BIS,WS_XRU,1.0",Q.XM.EUR.E,Q:Quarterly,XM:Euro area,EUR:Euro,E:End of period,Euro,Units,2012-06-30,F:Free,,A:Normal value,0.794281
"BIS,WS_XRU,1.0",Q.XM.EUR.E,Q:Quarterly,XM:Euro area,EUR:Euro,E:End of period,Euro,Units,2012-09-30,F:Free,,A:Normal value,0.773395
"BIS,WS_XRU,1.0",Q.XM.EUR.E,Q:Quarterly,XM:Euro area,EUR:Euro,E:End of period,Euro,Units,2012-12-31,F:Free,,A:Normal value,0.75792
"BIS,WS_XRU,1.0",Q.XM.EUR.E,Q:Quarterly,XM:Euro area,EUR:Euro,E:End of period,Euro,Units,2013-03-31,F:Free,,A:Normal value,0.780945
"BIS,WS_XRU,1.0",Q.XM.EUR.E,Q:Quarterly,XM:Euro area,EUR:Euro,E:End of period,Euro,Units,2013-06-30,F:Free,,A:Normal value,0.764526
"BIS,WS_XRU,1.0",Q.XM.EUR.E,Q:Quarterly,XM:Euro area,EUR:Euro,E:End of period,Euro,Units,2013-09-30,F:Free,,A:Normal value,0.740466
"BIS,WS_XRU,1.0",Q.XM.EUR.E,Q:Quarterly,XM:Euro area,EUR:Euro,E:End of period,Euro,Units,2013-12-31,F:Free,,A:Normal value,0.725111
"BIS,WS_XRU,1.0",Q.XM.EUR.E,Q:Quarterly,XM:Euro area,EUR:Euro,E:End of period,Euro,Units,2014-03-31,F:Free,,A:Normal value,0.725268
"BIS,WS_XRU,1.0",Q.XM.EUR.E,Q:Quarterly,XM:Euro area,EUR:Euro,E:End of period,Euro,Units,2014-06-30,F:Free,,A:Normal value,0.732172
"BIS,WS_XRU,1.0",Q.XM.EUR.E,Q:Quarterly,XM:Euro area,EUR:Euro,E:End of period,Euro,Units,2014-09-30,F:Free,,A:Normal value,0.794723
"BIS,WS_XRU,1.0",Q.XM.EUR.E,Q:Quarterly,XM:Euro area,EUR:Euro,E:End of period,Euro,Units,2014-12-31,F:Free,,A:Normal value,0.823655
"BIS,WS_XRU,1.0",Q.XM.EUR.E,Q:Quarterly,XM:Euro area,EUR:Euro,E:End of period,Euro,Units,2015-03-31,F:Free,,A:Normal value,0.929454
"BIS,WS_XRU,1.0",Q.XM.EUR.E,Q:Quarterly,XM:Euro area,EUR:Euro,E:End of period,Euro,Units,2015-06-30,F:Free,,A:Normal value,0.893735
"BIS,WS_XRU,1.0",Q.XM.EUR.E,Q:Quarterly,XM:Euro area,EUR:Euro,E:End of period,Euro,Units,2015-09-30,F:Free,,A:Normal value,0.892618
"BIS,WS_XRU,1.0",Q.XM.EUR.E,Q:Quarterly,XM:Euro area,EUR:Euro,E:End of period,Euro,Units,2015-12-31,F:Free,,A:Normal value,0.918527
"BIS,WS_XRU,1.0",Q.XM.EUR.E,Q:Quarterly,XM:Euro area,EUR:Euro,E:End of period,Euro,Units,2016-03-31,F:Free,,A:Normal value,0.878349
"BIS,WS_XRU,1.0",Q.XM.EUR.E,Q:Quarterly,XM:Euro area,EUR:Euro,E:End of period,Euro,Units,2016-06-30,F:Free,,A:Normal value,0.900739
"BIS,WS_XRU,1.0",Q.XM.EUR.E,Q:Quarterly,XM:Euro area,EUR:Euro,E:End of period,Euro,Units,2016-09-30,F:Free,,A:Normal value,0.895977
"BIS,WS_XRU,1.0",Q.XM.EUR.E,Q:Quarterly,XM:Euro area,EUR:Euro,E:End of period,Euro,Units,2016-12-31,F:Free,,A:Normal value,0.948677
"BIS,WS_XRU,1.0",Q.XM.EUR.E,Q:Quarterly,XM:Euro area,EUR:Euro,E:End of period,Euro,Units,2017-03-31,F:Free,,A:Normal value,0.935366
"BIS,WS_XRU,1.0",Q.XM.EUR.E,Q:Quarterly,XM:Euro area,EUR:Euro,E:End of period,Euro,Units,2017-06-30,F:Free,,A:Normal value,0.876271
"BIS,WS_XRU,1.0",Q.XM.EUR.E,Q:Quarterly,XM:Euro area,EUR:Euro,E:End of period,Euro,Units,2017-09-30,F:Free,,A:Normal value,0.847027
"BIS,WS_XRU,1.0",Q.XM.EUR.E,Q:Quarterly,XM:Euro area,EUR:Euro,E:End of period,Euro,Units,2017-12-31,F:Free,,A:Normal value,0.83382
"BIS,WS_XRU,1.0",Q.XM.EUR.E,Q:Quarterly,XM:Euro area,EUR:Euro,E:End of period,Euro,Units,2018-03-31,F:Free,,A:Normal value,0.811622
"BIS,WS_XRU,1.0",Q.XM.EUR.E,Q:Quarterly,XM:Euro area,EUR:Euro,E:End of period,Euro,Units,2018-06-30,F:Free,,A:Normal value,0.85778
"BIS,WS_XRU,1.0",Q.XM.EUR.E,Q:Quarterly,XM:Euro area,EUR:Euro,E:End of period,Euro,Units,2018-09-30,F:Free,,A:Normal value,0.863856
"BIS,WS_XRU,1.0",Q.XM.EUR.E,Q:Quarterly,XM:Euro area,EUR:Euro,E:End of period,Euro,Units,2018-12-31,F:Free,,A:Normal value,0.873362
"BIS,WS_XRU,1.0",Q.XM.EUR.E,Q:Quarterly,XM:Euro area,EUR:Euro,E:End of period,Euro,Units,2019-03-31,F:Free,,A:Normal value,0.890076
"BIS,WS_XRU,1.0",Q.XM.EUR.E,Q:Quarterly,XM:Euro area,EUR:Euro,E:End of period,Euro,Units,2019-06-30,F:Free,,A:Normal value,0.878735
"BIS,WS_XRU,1.0",Q.XM.EUR.E,Q:Quarterly,XM:Euro area,EUR:Euro,E:End of period,Euro,Units,2019-09-30,F:Free,,A:Normal value,0.918358
"BIS,WS_XRU,1.0",Q.XM.EUR.E,Q:Quarterly,XM:Euro area,EUR:Euro,E:End of period,Euro,Units,2019-12-31,F:Free,,A:Normal value,0.890155
"BIS,WS_XRU,1.0",Q.XM.EUR.E,Q:Quarterly,XM:Euro area,EUR:Euro,E:End of period,Euro,Units,2020-03-31,F:Free,,A:Normal value,0.912742
"BIS,WS_XRU,1.0",Q.XM.EUR.E,Q:Quarterly,XM:Euro area,EUR:Euro,E:End of period,Euro,Units,2020-06-30,F:Free,,A:Normal value,0.893017
"BIS,WS_XRU,1.0",Q.XM.EUR.E,Q:Quarterly,XM:Euro area,EUR:Euro,E:End of period,Euro,Units,2020-09-30,F:Free,,A:Normal value,0.854117
"BIS,WS_XRU,1.0",Q.XM.EUR.E,Q:Quarterly,XM:Euro area,EUR:Euro,E:End of period,Euro,Units,2020-12-31,F:Free,,A:Normal value,0.81493
"BIS,WS_XRU,1.0",Q.XM.EUR.E,Q:Quarterly,XM:Euro area,EUR:Euro,E:End of period,Euro,Units,2021-03-31,F:Free,,A:Normal value,0.852878
"BIS,WS_XRU,1.0",Q.XM.EUR.E,Q:Quarterly,XM:Euro area,EUR:Euro,E:End of period,Euro,Units,2021-06-30,F:Free,,A:Normal value,0.841468
"BIS,WS_XRU,1.0",Q.XM.EUR.E,Q:Quarterly,XM:Euro area,EUR:Euro,E:End of period,Euro,Units,2021-09-30,F:Free,,A:Normal value,0.863632
"BIS,WS_XRU,1.0",Q.XM.EUR.E,Q:Quarterly,XM:Euro area,EUR:Euro,E:End of period,Euro,Units,2021-12-31,F:Free,,A:Normal value,0.882924
"BIS,WS_XRU,1.0",Q.XM.EUR.E,Q:Quarterly,XM:Euro area,EUR:Euro,E:End of period,Euro,Units,2022-03-31,F:Free,,A:Normal value,0.90082
"BIS,WS_XRU,1.0",Q.XM.EUR.E,Q:Quarterly,XM:Euro area,EUR:Euro,E:End of period,Euro,Units,2022-06-30,F:Free,,A:Normal value,0.962742
"BIS,WS_XRU,1.0",Q.XM.EUR.E,Q:Quarterly,XM:Euro area,EUR:Euro,E:End of period,Euro,Units,2022-09-30,F:Free,,A:Normal value,1.025851
"BIS,WS_XRU,1.0",Q.XM.EUR.E,Q:Quarterly,XM:Euro area,EUR:Euro,E:End of period,Euro,Units,2022-12-31,F:Free,,A:Normal value,0.937559
"BIS,WS_XRU,1.0",Q.XM.EUR.E,Q:Quarterly,XM:Euro area,EUR:Euro,E:End of period,Euro,Units,2023-03-31,F:Free,,A:Normal value,0.91954
"BIS,WS_XRU,1.0",Q.XM.EUR.E,Q:Quarterly,XM:Euro area,EUR:Euro,E:End of period,Euro,Units,2023-06-30,F:Free,,A:Normal value,0.920302
"BIS,WS_XRU,1.0",Q.XM.EUR.E,Q:Quarterly,XM:Euro area,EUR:Euro,E:End of period,Euro,Units,2023-09-30,F:Free,,A:Normal value,0.943931
"BIS,WS_XRU,1.0",Q.XM.EUR.E,Q:Quarterly,XM:Euro area,EUR:Euro,E:End of period,Euro,Units,2023-12-31,F:Free,,A:Normal value,0.904977
"BIS,WS_XRU,1.0",Q.XM.EUR.E,Q:Quarterly,XM:Euro area,EUR:Euro,E:End of period,Euro,Units,2024-03-31,F:Free,,A:Normal value,0.924984
"BIS,WS_XRU,1.0",Q.XM.EUR.E,Q:Quarterly,XM:Euro area,EUR:Euro,E:End of period,Euro,Units,2024-06-30,F:Free,,A:Normal value,0.934143
